customer_state,state,region
AC,Acre,North
AP,Amapá,North
AM,Amazonas,North
PA,Pará,North
RO,Rondônia,North
RR,Roraima,North
TO,Tocantins,North
AL,Alagoas,Northeast
BA,Bahia,Northeast
CE,Ceará,Northeast
MA,Maranhão,Northeast
PB,Paraíba,Northeast
PE,Pernambuco,Northeast
PI,Piauí,Northeast
RN,Rio Grande do Norte,Northeast
SE,Sergipe,Northeast
DF,Distrito Federal,Central-West
GO,Goiás,Central-West
MT,Mato Grosso,Central-West
MS,Mato Grosso do Sul,Central-West
ES,Espírito Santo,Southeast
MG,Minas Gerais,Southeast
RJ,Rio de Janeiro,Southeast
SP,São Paulo,Southeast
PR,Paraná,South
RS,Rio Grande do Sul,South
SC,Santa Catarina,South
